boottime,jvm.metrics.logWarn,load_five,metricssystem.MetricsSystem.num_sources,mapred.tasktracker.mapTaskSlots,cpu_aidle,metricssystem.MetricsSystem.num_sinks,dfs.datanode.bytes_written,metricssystem.MetricsSystem.publish_imax_time,metricssystem.MetricsSystem.snapshot_num_ops,jvm.metrics.threadsBlocked,dfs.datanode.readBlockOp_avg_time,mapred.shuffleOutput.shuffle_handler_busy_percent,rpcdetailed.rpcdetailed.canCommit_num_ops,metricssystem.MetricsSystem.publish_stdev_time,cpu_idle,jvm.metrics.threadsTimedWaiting,rpcdetailed.rpcdetailed.done_avg_time,dfs.datanode.writeBlockOp_num_ops,cpu_num,cpu_speed,mem_total,jvm.metrics.gcCount,dfs.datanode.blocks_read,mem_shared,metricssystem.MetricsSystem.publish_max_time,metricssystem.MetricsSystem.publish_avg_time,bytes_in,cpu_system,dfs.datanode.blocks_removed,metricssystem.MetricsSystem.snapshot_max_time,metricssystem.MetricsSystem.sink.ganglia.latency_num_ops,cpu_nice,rpcdetailed.rpcdetailed.canCommit_avg_time,mem_free,mapred.tasktracker.tasks_completed,jvm.metrics.threadsWaiting,rpc.rpc.RpcQueueTime_avg_time,rpcdetailed.rpcdetailed.getMapCompletionEvents_num_ops,dfs.datanode.blocks_replicated,load_fifteen,bytes_out,metricssystem.MetricsSystem.snapshot_min_time,mapred.tasktracker.reduces_running,disk_total,jvm.metrics.gcTimeMillis,rpcdetailed.rpcdetailed.statusUpdate_avg_time,dfs.datanode.heartBeats_num_ops,dfs.datanode.writes_from_local_client,rpc.rpc.rpcAuthorizationSuccesses,metricssystem.MetricsSystem.publish_num_ops,rpcdetailed.rpcdetailed.ping_avg_time,metricssystem.MetricsSystem.sink.ganglia.latency_avg_time,rpcdetailed.rpcdetailed.done_num_ops,jvm.metrics.memHeapCommittedM,cpu_wio,rpcdetailed.rpcdetailed.getTask_num_ops,dfs.datanode.bytes_read,jvm.metrics.threadsNew,jvm.metrics.logFatal,rpc.rpc.ReceivedBytes,mapred.tasktracker.reduceTaskSlots,jvm.metrics.memNonHeapCommittedM,rpcdetailed.rpcdetailed.ping_num_ops,cpu_user,rpcdetailed.rpcdetailed.getProtocolVersion_avg_time,pkts_out,mapred.shuffleOutput.shuffle_output_bytes,rpcdetailed.rpcdetailed.statusUpdate_num_ops,proc_run,dfs.datanode.readBlockOp_num_ops,dfs.datanode.reads_from_local_client,swap_total,metricssystem.MetricsSystem.snapshot_imin_time,rpcdetailed.rpcdetailed.commitPending_num_ops,jvm.metrics.logError,jvm.metrics.logInfo,metricssystem.MetricsSystem.snapshot_avg_time,disk_free,rpcdetailed.rpcdetailed.getTask_avg_time,part_max_used,metricssystem.MetricsSystem.snapshot_stdev_time,dfs.datanode.writes_from_remote_client,dfs.datanode.writeBlockOp_avg_time,mapred.tasktracker.maps_running,mem_buffers,dfs.datanode.heartBeats_avg_time,mem_cached,proc_total,jvm.metrics.threadsRunnable,swap_free,metricssystem.MetricsSystem.publish_imin_time,rpcdetailed.rpcdetailed.commitPending_avg_time,rpcdetailed.rpcdetailed.getMapCompletionEvents_avg_time,mapred.tasktracker.failedDirs,rpc.rpc.RpcProcessingTime_num_ops,rpc.rpc.RpcProcessingTime_avg_time,metricssystem.MetricsSystem.snapshot_imax_time,metricssystem.MetricsSystem.publish_min_time,mapred.shuffleOutput.shuffle_success_outputs,rpc.rpc.RpcQueueTime_num_ops,load_one,dfs.datanode.reads_from_remote_client,jvm.metrics.threadsTerminated,jvm.metrics.memHeapUsedM,rpc.rpc.SentBytes,pkts_in,rpcdetailed.rpcdetailed.getProtocolVersion_num_ops,dfs.datanode.blocks_written,metricssystem.MetricsSystem.dropped_pub_all,jvm.metrics.memNonHeapUsedM
1426097781,107374179.85,2.1166666667,5,8,96.1,1,0,1.4012984643E-045,178956714.14,0,41,0,0,0,99.9,8.2,0,0,8,2327,8193200,2682.8,0,0,1,0,6157.62,0.1,0,17,0.1203703704,0,0,4917828,0,19.6,0.3333333333,0,0,5.0033333333,7657.62,0,0,81.448,107373726.4,0,0.325,0,0,0.1203703704,0,1,0,26.7,0,0,0,0,0,0,8,21.8125,0,0,0,74.17,0,0,0,0,0,62500840,0,0,107374179.85,107374181,0,45.8636,1,43.6,0,0,21,0,0,1,2799068,368,6.8,62445944,0,1,0.1666666667,0,0,0,1.4012984643E-045,0,0,0,0.3333333333,0,0,15.875114,0,69.87,0,0,0,15.452669
1426097781,178956966.42,1.67,5,8,96.1,1,0,1.4012984643E-045,0.6888888889,0,41,0,0,0,99.9,7,0,0,8,2327,8193200,854,0,0,1,0,6157.62,0.0666666667,0,17,0.1148148148,0,0,4917828,0,7,0.3333333333,0,0,4.65,7657.62,0,0,81.448,178956210.67,0,0.4212962963,0,0,0.1148148148,0,1,0,25.5,0,0,0,0,0,0,8,23.6875,0,0,0,74.17,0,0,0,0,0,62500840,0,0,178956966.42,178956968.33,0.0944444444,45.977,1,43.6,0.2313406979,0,21,0,0,1,2799068,368,8,62445944,0,1,0.1666666667,0,0,0,0.5666666667,0,0,0,0.08,0,0,14.480753667,0,69.87,0,0,0,13.853783
1426097781,0,1.67,5,8,96.1,1,0,1.4012984643E-045,0.6888888889,0,41,0,0,0,99.9,7,0,0,8,2327,8193200,854,0,0,1,0,6157.62,0,0,17,0.1148148148,0,0,4917828,0,7,0.3333333333,0,0,4.65,7657.62,0,0,81.448,0,0,0.3685185185,0,0,0.1148148148,0,1,0,25.5,0,0,0,0,0,0,8,23.6875,0,0,0,74.17,0,0,0,0,0,62500840,0,0,0,0,0.0944444444,45.977,1,43.6,0.2313406979,0,21,0,0,1,2799068,368,8,62445944,0,1,0.1666666667,0,0,0,0.5666666667,0,0,0,0.08,0,0,14.677028967,0,69.87,0,0,0,13.853783
1426097781,0,1.67,5,8,96.1,1,0,1.4012984643E-045,0.5,0,41,0,0,0,99.9,7,0,0,8,2327,8193200,854,0,0,1,0,6157.62,0,0,17,0.0833333333,0,0,4917868.8,0,7,0.3333333333,0,0,4.65,7657.62,0,0,81.448,0,0,0.3685185185,0,0,0.0833333333,0,1,0,25.5,0,0,0,0,0,0,8,23.6875,0,0,0,74.17,0,0,0,0,0,62500840,0,0,0,0,0,45.977,1,43.6,0,0,21,0,0,1,2799068,368,8,62445944,0,1,0.1666666667,0,0,0,1.4012984643E-045,0,0,0,0.08,0,0,14.677028967,0,69.87,0,0,0,13.853783
1426097781,0,1.67,5,8,96.1,1,0,1.4012984643E-045,0.5181818182,0,41,0,0,0,99.9,7,0,0,8,2327,8193200,854,0,0,1,0,6157.62,0,0,17,0.0863636364,0,0,4918032,0,7,0.3333333333,0,0,4.65,7657.62,0,0,81.448,0,0,0.3166666667,0,0,0.0863636364,0,1,0,25.5,0,0,0,0,0,0,8,23.6875,0,0,0,74.17,0,0,0,0,0,62500840,0,0,0,0,0,45.977,1,43.6,0,0,21,0,0,1,2799068,368,8,62445944,0,1,0.1666666667,0,0,0,1.4012984643E-045,0,0,0,0.08,0,0,14.838057,0,69.87,0,0,0,13.853783
1426097781,0,1.67,5,8,96.1,1,0,1.4012984643E-045,0.6524064171,0,41,0,0,0,99.9,7,0,0,8,2327,8193200,854,0,0,1,0,6157.62,0,0,17,0.1087344029,0,0,4918032,0,7,0.3333333333,0,0,4.65,7657.62,0,0,81.448,0,0,0.2590909091,0,0,0.1087344029,0,1,0,25.5,0,0,0,0,0,0,8,23.6875,0,0,0,74.17,0,0,0.6666666667,0,0,62500840,0,0,0,0,0,45.977,1,43.6,0,0,21,0,0,1,2799068,366.66666667,8,62445944,0,1,0.1666666667,0,0,0,1.4012984643E-045,0,0,0,0.08,0,0,14.9265702,0,69.87,0,0,0,13.853783
1426097781,0,1.4566666667,5,8,96.1,1,0,1.4012984643E-045,0.5960784314,0,41,0,0,0,99.9,7,0,0,8,2327,8193200,854,0,0,1,0,6157.62,0,0,17,0.0993464052,0,0,4918032,0,7,0.3333333333,0,0,4.442,7657.62,0,0,81.448,0,0,0.3654188948,0,0,0.0993464052,0,1,0,25.5,0,0,0,0,0,0,8,23.6875,0,0,0,74.17,0,0,1,0,0,62500840,0,0,0,0,0,45.977,1,43.6,0,0,21,0,0,1,2799068,366,8,62445944,0,1,0.1666666667,0,0,0,1.4012984643E-045,0,0,0,0.048,0,0,15.076291333,0,69.87,0,0,0,13.853783
1426097781,0,1.27,5,8,96.1,1,0,1.4012984643E-045,0.6509803922,0,41,0,0,0,99.9,7,0,0,8,2327,8193200,854,0,0,1,0,6157.62,0,0,17,0.108496732,0,0,4918032,0,7,0.3333333333,0,0,4.26,7657.62,0,0,81.448,0,0,0.3254901961,0,0,0.108496732,0,1,0,25.5,0,0,0,0,0,0,8,23.6875,0,0,0,74.17,0,0,1,0,0,62500840,0,0,0,0,0.1222222222,45.977,1,43.6,0.2993820797,0,21,0,0,1.1777777778,2799068,366,8,62445944,0,1,0.1666666667,0,0,0,0.7333333333,0,0,0,0.02,0,0,15.167859333,0,69.87,0,0,0,13.853783
1426097781,0,1.27,5.6,8,96.1,1,0,1.4012984643E-045,248.08235294,0,41,0,0,0,99.9,7,0,0,8,2327,8193200,854,0,0,1,0,6157.62,0,0,32.6,0.0870588235,0,0,4918032,0,7,0.3333333333,0,0,4.26,7657.62,0,0,81.448,0,0,0.368627451,0,0,0.0870588235,0,1.6,0,25.5,0,0,0,0,0,0,8,23.6875,0,0,0,74.17,0,0,1,0,0,62500840,0,0,0,0,0.0666666667,45.977,1,43.6,0.1632993162,0,21,0,0,1.0888888889,2799068,366,8,62445944,0,1,0.1666666667,0,0,0,0.4,0,0,0,0.02,0,0,15.312875467,0,69.87,0,0,0,13.853783
1426097781,4.08,1.27,5.4,8,96.1,1,0,1.4012984643E-045,184069927.44,0,41,0,0,0,99.9,7.6,0,0,8,2327,8193200,2690.6,0,0,1,0,6157.62,0,0,27.4,0.1123809524,0,0,4918032,0,19.6,0.3333333333,0,0,4.26,7657.62,0,0,81.448,730.36,0,0.2847058824,0,0,0.1123809524,0,1.4,0,26.55,0,0,0,0,0,0,8,21.8125,0,0,0,74.17,0,0,1,0,0,62500840,0,0,4.08,2.24,0,45.977,1,43.6,0,0,21,0,0,1,2799068,366,6.8,62445944,0,1,0.1666666667,0,0,0,1.4012984643E-045,0,0,0,0.02,0,0,15.4689014,0,69.87,0,0,0,15.452669
1426097781,184070025.32,1.27,5.6666666667,8,96.1,1,0,1.4012984643E-045,102261222.08,0,41,0,0,0,99.9,7.4,0,0,8,2327,8193200,2078.4,0,0,1,0,6157.62,0,0,34.333333333,0.0868347339,0,0,4918032,0,15.4,0.3333333333,0,0,4.26,7657.62,0,0,81.448,184069731.35,0,0.38,0,0,0.0868347339,0,1,0,26.2,0,0,0,0,0,0,8,22.4375,0,0,0,74.17,0,0,0.3333333333,0,0,62500840,0,0,184070025.32,184070026.06,0,45.977,1,43.6,0,0,21,0,0,1,2799068,366,7.2,62445944,0,1,0.1666666667,0,0,0,1.4012984643E-045,0,0,0,0.02,0,0,15.5699508,0,69.87,0,0,0,14.919707
1426097781,102261127.67,1.27,5.4666666667,8,96.1,1,0,1.4012984643E-045,134744048.29,0,41,0,0,0,99.9,7,0,0,8,2327,8193200,2896.6666667,0,0,1,0,6157.62,0,0,29.133333333,0.0901960784,0,0,4918032,0,21,0.3333333333,0,0,4.26,7657.62,0,0,81.448,102261407.55,0,0.2843137255,0,0,0.0901960784,0,1,0,26.666666667,0,0,0,0,0,0,8,21.604166667,0,0,0,74.17,0,0,0,0,0,62500840,0,0,102261127.67,102261126.96,0.0888888889,45.977,1,43.6,0.2177324216,0,21,0,0,1,2799068,366,6.6666666667,62445944,0,1,0.1666666667,0,0,0,0.5333333333,0,0,0,0.02,0,0,14.036023333,0,69.87,0,0,0,15.630323
1426097781,134744071.63,1.142,5.4,8,96.1,1,0,1.4012984643E-045,151587069.62,0,41,0,0,0,99.9,7,0,0,8,2327,8193200,2283.8666667,0,0,1,0,6157.62,0,0,27.4,0.1039215686,0,0,4918032,0,16.8,0.3333333333,0,0,4.092,7657.62,0,0,81.448,134744000.41,0,0.3019607843,0,0,0.1039215686,0,1,0,26.316666667,0,0,0,0,0,0,8,22.229166667,0,0,0,74.17,0,0,0,0,0,62500840,0,0,134744071.63,134744071.81,0.1571428571,45.977,1,43.6,0.3961347635,0,21,0,0,1,2799068,366,7.0666666667,62445944,0,1,0.1666666667,0,0,0,1,0,0,0,0.06,0,0,14.622020867,0,69.87,0,0,0,15.097361
1426097781,151587080.84,0.95,6,8,96.1,1,0,1.4012984643E-045,207.05,0,41,0,0,0,99.9,7,0,0,8,2327,8193200,2080.4,0,0,1,0,6157.62,0,0,43,0.0833333333,0,0,4918032,0,15.4,0.3333333333,0,0,3.84,7657.62,0,0,81.448,151587045.33,0,0.3470588235,0,0,0.0833333333,0,1,0,26.2,0,0,0,0,0,0,8,22.4375,0,0,0,74.17,0,0,0,0,0,62500840,0,0,151587080.84,151587080.93,0.0571428571,45.977,1,43.6,0.1511857892,0,21,0,0,1,2799068,366,7.2,62445944,0,1,0.1666666667,0,0,0,0.4,0,0,0,0.12,0,0,16.0109464,0,69.87,0,0,0,14.919707
1426097781,3.4,0.95,6,8,96.1,1,0,1.4012984643E-045,0.7308823529,0,41,0,0,0,99.9,7,0,0,8,2327,8193200,3920.6,0,0,1,0,6157.62,0.06,0,43,0.1044117647,0,0,4918032,0,28,0.3333333333,0,0,3.84,7657.62,0,0,81.448,608.91666667,0,0.3,0,0,0.1044117647,0,1,0,27.25,0,0,0,0,0,0,8,20.5625,0,0.06,0,74.17,0,0,0,0,0,62500840,0,0,3.4,1.8666666667,0.1285714286,45.977,1,43.6,0.3401680257,0,21,0,0,1,2799068,366,6,62445944,0,1,0.1666666667,0,0,0,0.9,0,0,0,0.12,0,0,15.8421508,0,69.87,0,0,0,16.518593
1426097781,0,0.95,6,8,96.1,1,0,1.4012984643E-045,0.7308823529,0,41,0,0,0,99.9,7,0,0,8,2327,8193200,3922.9666667,0,0,1,0,6157.62,0.1,0,43,0.1044117647,0,0,4918032,0,28,0.3333333333,0,0,3.84,7657.62,0,0,81.448,0.1691176471,0,0.3529411765,0,0,0.1044117647,0,1,0,27.25,0,0,0,0,0,0,8,20.5625,0,0.1,0,74.17,0,0,0,0,0,62500840,0,0,0,0,0.1285714286,45.977,1,43.6,0.3401680257,0,21,0,0,1,2799068,366,6,62445944,0,1,0.1666666667,0,0,0,0.9,0,0,0,0.12,0,0,13.9511476,0,69.87,0,0,0,16.518593
1426097781,0,0.95,5.0666666667,8,96.1,1,0,1.4012984643E-045,235801786.43,0,41,0,0,0,99.9,7,0,0,8,2327,8193200,3922.9666667,0,0,1,0,6157.62,0.1,0,18.733333333,0.1176470588,0,0,4918793.6,0,28,0.3333333333,0,0,3.84,7657.62,0,0,81.448,0.1691176471,0,0.3529411765,0,0,0.1176470588,0,1,0,27.25,0,0,0,0,0,0,8,20.5625,0,0.1,0,74.17,0,0,0,0,0,62500840,0,0,0,0,0.0095238095,45.977,1,43.6,0.0251976315,0,21,0,0,1,2799075.4667,365.06666667,6,62445944,0,1,0.1666666667,0,0,0,0.0666666667,0,0,0,0.12,0,0,13.9511476,0,69.87,0,0,0,16.518593
1426097781,235802120.45,0.95,5,8,96.1,1,0,1.4012984643E-045,50528954.788,0,41,0,0,0,99.9,7,0,0,8,2327,8193200,1058.6666667,0,0,1,0,6157.62,0.1,0,17,0.1176470588,0,0,4918848,0,8.4,0.3333333333,0,0,3.84,7657.62,0,0,81.448,235801122.9,0,0.3568627451,0,0,0.1176470588,0,1,0,25.616666667,0,0,0,0,0,0,8,23.479166667,0,0.1,0,74.17,0,0,0,0,0,62500840,0,0,235802120.45,235802122.98,0,45.977,1,43.6,0,0,21,0,0,1,2799076,365,7.8666666667,62445944,0,1,0.1666666667,0,0,0,1.4012984643E-045,0,0,0,0.12,0,0,16.143401733,0,69.87,0,0,0,14.031437
1426097781,50529025.812,0.7966666667,5,8,96.1,1,0,1.4012984643E-045,0.568627451,0,41,0,0,0,99.9,7,0,0,8,2327,8193200,854,0,0,1,0,6157.62,0.1,0,17,0.0947712418,0,0,4918848,0,7,0.3333333333,0,0,3.6266666667,7657.62,0,0,81.448,50528812.047,0,0.4,0,0,0.0947712418,0,1,0,25.5,0,0,0,0,0,0,8,23.6875,0,0.1,0,74.243333333,0,0,0,0,0,62500840,0,0,50529025.812,50529026.353,0.3333333333,45.977,1,43.6,0.8164965809,0,21,0,0,1,2799076,365,8,62445944,0,1,0.1666666667,0,0,0,2,0,0,0,0.06,0,0,16.483112,0,69.89,0,0,0,13.853783
1426097781,0,0.72,5.8666666667,8,96.1,1,0,1.4012984643E-045,316.70588235,0,41,0,0,0,99.9,7,0,0,8,2327,8193200,854,0,0,1,0,6274.7066667,0.1,0,39.533333333,0.0620915033,0,0,4918848,0,7,0.3333333333,0,0,3.52,7671.9933333,0,0,81.448,0,0,0.3039215686,0,0,0.0620915033,0,1,0,25.5,0,0,0,0,0,0,8,23.6875,0,0.1,0,74.28,0,0,0,0,0,62500840,0,0,0,0,0.1904761905,45.977,1,43.6,0.4908685261,0,21,0,0,1,2799076,365,8,62445944,0,1,0.1666666667,0,0,0,1.2666666667,0,0,0,0.03,0,0,16.562014667,0,69.9,0,0,0,13.853783
1426097781,5.2,0.72,5.2666666667,8,96.1,1,0,1.4012984643E-045,262469942.61,0,41,0,0,0,99.9,7,0,0,8,2327,8193200,3519,0,0,1,0,6333.25,0.0133333333,0,23.933333333,0.1379084967,0,0,4918848,0,25.2,0.3333333333,0,0,3.52,7679.18,0,0,81.448,931.97254902,0,0.237254902,0,0,0.1379084967,0,1,0,27.016666667,0,0,0,0,0,0,8,20.979166667,0,0.0133333333,0,74.28,0,0,0,0,0,62500840,0,0,5.2,2.8549019608,0.0380952381,45.977,1,43.6,0.1007905261,0,21,0,0,1,2799076,365,6.2666666667,62445944,0,1,0.1666666667,0,0,0,0.2666666667,0,0,0,0.03,0,0,14.191666933,0,69.9,0,0,0,16.163285
1426097781,262470219.01,0.72,5.9333333333,8,96.1,1,0,1.4012984643E-045,23861236.177,0,41,0,0,0,99.9,7.7333333333,0,0,8,2327,8193200,1674.7333333,0,0,1,0,6333.25,0,0,41.266666667,0.0660130719,0,0,4918848,0,12.6,0.3333333333,0,0,3.52,7679.18,0,0,81.448,262469393.29,0,0.4294117647,0,0,0.0660130719,0,1,0,26.15,0,0,0,0,0,0,8,22.854166667,0,0,0,74.28,0,0,0,0,0,62500840,0,0,262470219.01,262470221.1,0.4,45.977,1,43.6,0.7343427396,0,21,0,0,1,2799076,365.93333333,7.4666666667,62445944,0,1,0.1666666667,0,0,0,1.8666666667,0,0,0,0.03,0,0,12.2081588,0,69.9,0,0,0,14.564399
1426097781,23860934.456,0.72,5.2,8,96.1,1,0,1.4012984643E-045,286330813.11,0,41,0,0,0,99.9,6.1333333333,0,0,8,2327,8193200,3725.9333333,0,0,1,0,6333.25,0,0,22.2,0.1450980392,0,0,4918848,0,26.6,0.3333333333,0,0,3.52,7679.18,0,0,81.448,23861831.584,0,0.2529411765,0,0,0.1450980392,0,1,0,27.15,0,0,0,0,0,0,8,20.770833333,0,0,0,74.28,0,0,0,0,0,62500840,0,0,23860934.456,23860932.186,0.0857142857,45.977,1,43.6,0.1573591585,0,21,0,0,1,2799076,366,7.0666666667,62445944,0,1,0.1666666667,0,0,0,0.4,0,0,0,0.03,0,0,16.540302933,0,69.9,0,0,0,16.340939
1426097781,286331147.47,0.72,6,8,96.1,1,0,1.4012984643E-045,388.5625,0,41,0,0,0,99.9,7.6,0,0,8,2327,8193200,1470.2,0,0,1,0,6333.25,0,0,43,0.0625,0,0,4918848,0,11.2,0.3333333333,0,0,3.52,7679.18,0,0,81.448,286330149.35,0,0.4470588235,0,0,0.0625,0,2,0,26.05,0,0,0,0,0,0,8,23.0625,0,0,0,74.28,0,0,0,0,0,62500840,0,0,286331147.47,286331149.99,0,45.977,1,43.6,0,0,21,0,0,1,2799076,366,7.8,62445944,0,1,0.1666666667,0,0,0,1.4012984643E-045,0,0,0,0.03,0,0,12.8618162,0,69.9,0,0,0,14.386745
1426097781,6.375,0.692,6,8,96.1,1,0,1.4012984643E-045,26.448611111,0,41,0,0,0,99.9,7,0,0,8,2327,8193200,3934,0,0,1,0,6333.25,0,0,43,0.0819444444,0,0,4918848,0,28,0.3333333333,0,0,3.4706666667,7679.18,0,0,81.448,1142.875,0,0.25,0,0,0.0819444444,0,1.2,0,27.25,0,0,0,0,0,0,8,20.5625,0,0,0,74.28,0,0,0,0,0,62500840,0,0,6.375,3.5,0.1142857143,45.977,1,43.6,0.3023715784,0,21,0,0,1,2799076,366,6,62445944,0,1,0.1666666667,0,0,0,0.8,0,0,0,0.026,0,0,14.599632,0,69.9,0,0,0,16.518593
1426097781,0.425,0.51,6,8,96.1,1,0,1.4012984643E-045,0.6633986928,0,41,0,0,0,99.9,7,0,0,8,2327,8193200,3935.0666667,0,0,1,0,6333.25,0,0,43,0.0947712418,0,0,4918848,0,28,0.3333333333,0,0,3.15,7679.18,0,0,81.448,76.336111111,0,0.25,0,0,0.0947712418,0,2,0,27.25,0,0,0,0,0,0,8,20.5625,0,0,0,74.28,0,0,0,0,0,62500840,0,0,0.425,0.2333333333,0.0952380952,45.977,1,43.6,0.2519763153,0,21,0,0,1,2799076,366,6,62445944,0,1,0.1666666667,0,0,0,0.6666666667,0,0,0,0,0,0,13.733643867,0,69.9,0,0,0,16.518593
1426097781,0,0.51,6,8,96.1,1,0,1.4012984643E-045,0.7754901961,0,41,0,0,0,99.9,7,0,0,8,2327,8193200,3936.3333333,0,0,1,0,6333.25,0,0,43,0.1107843137,0,0,4918848,0,28,0.3333333333,0,0,3.15,7679.18,0,0,81.448,0.0751633987,0,0.3039215686,0,0,0.1107843137,0,2.2,0,27.25,0,0,0,0,0,0,8,20.5625,0,0,0,74.28,0,0,0,0,0,62500840,0,0,0,0,0.2285714286,45.977,1,43.6,0.6047431568,0,21,0,0,1,2799076,365.8,6,62445944,0,1,0.1666666667,0,0,0,1.6,0,0,0,0,0,0,14.289751667,0,69.9,0,0,0,16.518593
1426097781,0,0.51,5.6,8,96.1,1,0,1.4012984643E-045,156180403.7,0,41,0,0,0,99.9,7,0,0,8,2327,8193200,3937.2,0,0,1,0,6333.25,0,0,32.6,0.1227272727,0,0,4918848,0,28,0.3333333333,0,0,3.15,7679.18,0,0,81.448,0.0803921569,0,0.3794117647,0,0,0.1227272727,0,2.2,0,27.25,0,0,0,0,0,0,8,20.5625,0,0,0,74.28,0,0,0,0,0,62500840,0,0,0,0,0,45.977,1,43.6,0,0,21,0,0,1,2799076,365,6,62445944,0,1,0.1666666667,0,0,0,1.4012984643E-045,0,0,0,0,0,0,16.732529,0,69.9,0,0,0,16.518593
1426097781,156180625.24,0.51,5.6666666667,8,96.1,1,0,1.4012984643E-045,130150580.24,0,41,0,0,0,99.9,7,0,0,8,2327,8193200,2704.8,0,0,1,0,6333.25,0,0,34.333333333,0.0998217469,0,0,4918858.6667,0,19.6,0.3333333333,0,0,3.15,7679.18,0,0,81.448,156179963.88,0,0.4045454546,0,0,0.0998217469,0,1,0,26.65,0,0,0,0,0,0,8,21.8125,0,0,0,74.28,0,0,0,0,0,62500840,0,0,156180625.24,156180626.91,0,45.977,1,43.6,0,0,21,0,0,1,2799076,365,6.8,62445944,0,1,0.1666666667,0,0,0,1.4012984643E-045,0,0,0,0,0,0,14.646533,0,69.9,0,0,0,15.452669
1426097781,130150525.03,0.51,5.4666666667,8,96.1,1,0,0.5333333333,134744048.18,0,41,0,0,0,99.9,7,0,0,8,2327,8193200,2912.3333333,0,0,1,0.5333333333,6333.25,0,0,29.133333333,0.0901960784,0,0,4918864,0,21,0.3333333333,0,0,3.15,7679.18,0,0,81.448,130150687.27,0,0.3297682709,0,0,0.0901960784,0,1,0,26.75,0,0,0,0,0,0,8,21.604166667,0,0,0,74.28,0,0,0,0,0,62500840,0,0,130150525.03,130150524.62,0,45.977,1,43.6,0,0,21,0,0,1,2799076,365,6.6666666667,62445944,0.5333333333,1,0.1666666667,0,0,0,1.4012984643E-045,0,0,0,0,0,0,13.361615667,0,69.9,0,0,0,15.630323
1426097781,134744071.63,0.462,5.4,8,96.1,1,0,0.6,151587069.56,0,41,0,0,0,99.9,7,0,0,8,2327,8193200,2295.1333333,0,0,1,0.6,6333.25,0,0,27.4,0.1039215686,0,0,4918864,0,16.8,0.3333333333,0,0,3.046,7679.18,0,0,81.448,134744000.29,0,0.3019607843,0,0,0.1039215686,0,1,0,26.45,0,0,0,0,0,0,8,22.229166667,0,0,0,74.28,0,0,0,0,0,62500840,0,0,134744071.63,134744071.81,0,45.977,1,43.6,0,0,21,0,0,1,2799076,365,7.0666666667,62445944,0.6,1,0.1666666667,0,0,0,1.4012984643E-045,0,0,0,0,0,0,13.222983867,0,69.9,0,0,0,15.097361
1426097781,151587080.84,0.39,5.4,8,96.1,1,0,1.4012984643E-045,151587069.46,0,41,0,0,0,99.9,7,0,0,8,2327,8193200,2090.2,0,0,1,0,6333.25,0,0,27.4,0.1039215686,0,0,4918864,0,15.4,0.3333333333,0,0,2.89,7679.18,0,0,81.448,151587045.26,0,0.3470588235,0,0,0.1039215686,0,1,0,26.35,0,0,0,0,0,0,8,22.4375,0,0,0,74.28,0,0,0,0,0,62500840,0,0,151587080.84,151587080.93,0.1,45.977,1,43.6,0.2449489743,0,21,0,0,1,2799076,365.6,7.2,62445944,0,1,0.1666666667,0,0,0,0.6,0,0,0,0,0,0,14.3471634,0,69.9,0,0,0,14.919707
1426097781,151587080.84,0.39,5,8,96.1,1,0,1.4012984643E-045,134743877.54,0,41,0,0,0,99.9,7,0,0,8,2327,8193200,2090.2,0,0,1,0,6333.25,0.06,0,17,0.1176470588,0,0,4918864,0,15.4,0.3333333333,0,0,2.89,7679.18,0,0,81.448,151587045.16,0,0.3470588235,0,0,0.1176470588,0,1,0,26.35,0,0,0,0,0,0,8,22.4375,0,0,0,74.28,0,0,0,0,0,62500840,0,0,151587080.84,151587080.93,0.0888888889,45.977,1,43.6,0.2177324216,0,21,0,0,1,2799076,366,7.2,62445944,0,1,0.1666666667,0,0,0,0.5333333333,0,0,0,0,0,0,14.4871248,0,69.9,0,0,0,14.919707
1426097781,134744068.83,0.39,5,8,96.1,1,0,1.4012984643E-045,0.637254902,0,41,0,0,0,99.9,7,0,0,8,2327,8193200,855,0,0,1,0,6333.25,0.1,0,17,0.1062091503,0,0,4918864,0,7,0.3333333333,0,0,2.89,7679.18,0,0,81.448,134743497.98,0,0.4117647059,0,0,0.1062091503,0,1,0,25.75,0,0,0,0,0,0,8,23.6875,0,0,0,74.28,0,0,0,0,0,62500840,0,0,134744068.83,134744070.27,0,45.977,1,43.6,0,0,21,0,0,1,2799076,366,8,62445944,0,1,0.1666666667,0,0,0,1.4012984643E-045,0,0,0,0,0,0,13.018624533,0,69.9,0,0,0,13.853783
1426097781,0,0.39,5.5333333333,8,96.1,1,0,1.4012984643E-045,195.80980392,0,41,0,0,0,99.9,7,0,0,8,2327,8193200,855,0,0,1,0,6333.25,0.1,0,30.866666667,0.0702614379,0,0,4918864,0,7,0.3333333333,0,0,2.89,7679.18,0,0,81.448,0,0,0.3578431373,0,0,0.0702614379,0,1,0,25.75,0,0,0,0,0,0,8,23.6875,0,0,0,74.28,0,0,0,0,0,62500840,0,0,0,0,0,45.977,1,43.6,0,0,21,0,0,1,2799076,366,8,62445944,0,1,0.1666666667,0,0,0,1.4012984643E-045,0,0,0,0,0,0,13.127273667,0,69.9,0,0,0,13.853783
1426097781,3.2,0.39,5.6,8,96.1,1,0,1.4012984643E-045,143165589.36,0,41,0,0,0,99.9,7,0,0,8,2327,8193200,2505.1333333,0,0,1,0,6333.25,0.1,0,32.6,0.1019607843,0,0,4918864,0,18.2,0.3333333333,0,0,2.89,7679.18,0,0,81.448,574.30588235,0,0.2107843137,0,0,0.1019607843,0,1,0,26.55,0,0,0,0,0,0,8,22.020833333,0,0,0,74.28,0,0,0,0,0,62500840,0,0,3.2,1.7568627451,0.0666666667,45.977,1,43.6,0.1632993162,0,21,0,0,1,2799076,366,6.9333333333,62445944,0,1,0.1666666667,0,0,0,0.4,0,0,0,0,0,0,12.562560733,0,69.9,0,0,0,15.275015
1426097781,143165576.73,0.318,5,8,96.1,1,0,1.4012984643E-045,143165369.69,0,41,0,0,0,99.9,7,0,0,8,2327,8193200,2711.4,0,0,1,0,6333.25,0.1,0,17,0.1266666667,0,0,4918864,0,19.6,0.3333333333,0,0,2.71,7679.18,0,0,81.448,143165612.43,0,0.3392156863,0,0,0.1266666667,0,1,0,26.65,0,0,0,0,0,0,8,21.8125,0,0,0,74.28,0,0,0,0,0,62500840,0,0,143165576.73,143165576.64,0.0666666667,45.977,1,43.6,0.1632993162,0,21,0,0,1,2799076,366,6.8,62445944,0,1,0.1666666667,0,0,0,0.4,0,0,0,0,0,0,12.5784192,0,69.9,0,0,0,15.452669
1426097781,143165573.13,0.27,5.0666666667,8,96.1,1,0,1.4012984643E-045,35.101111111,0,41,0,0,0,99.9,7,0,0,8,2327,8193200,855,0,0,1,0,6333.25,0.1,0,18.733333333,0.0788888889,0,0,4918864,0,7,0.3333333333,0,0,2.59,7679.18,0,0,81.448,143164966.33,0,0.4133333333,0,0,0.0788888889,0,1,0,25.75,0,0,0,0,0,0,8,23.6875,0,0,0,74.28,0,0,0,0,0,62500840,0,0,143165573.13,143165574.67,0,45.977,1,43.6,0,0,21,0,0,1,2799076,365.06666667,8,62445944,0,1,0.1666666667,0,0,0,1.4012984643E-045,0,0,0,0,0,0,13.4535402,0,69.9,0,0,0,13.853783
1426097781,0.5666666667,0.27,5.7333333333,8,96.1,1,0,1.4012984643E-045,71583065.856,0,41,0,0,0,99.9,7,0,0,8,2327,8193200,1061.5333333,0,0,1,0,6333.25,0.1,0,36.066666667,0.0944444444,0,0,4918864,0,8.4,0.3333333333,0,0,2.59,7679.18,0,0,81.448,101.72777778,0,0.3033333333,0,0,0.0944444444,0,1,0,25.85,0,0,0,0,0,0,8,23.479166667,0,0,0,74.178666667,0,0,0,0,0,62500840,0,0,0.5666666667,0.3111111111,0,45.977,1,43.6,0,0,21,0,0,1,2799076,365,7.8666666667,62445944,0,1,0.1666666667,0,0,0,1.4012984643E-045,0,0,0,0,0,0,13.554470533,0,70.028,0,0,0,14.031437
1426097781,71582792.8,0.27,5.2,8,96.1,1,0,1.4012984643E-045,214748127.19,0,41,0,0,0,99.9,7,0,0,8,2327,8193200,3126.8666667,0,0,1,0,6317.306,0.1,0,22.2,0.1117647059,0,0,4919065.6,0,22.4,0.3333333333,0,0,2.59,7664.348,0,0,81.448,71583602.089,0,0.3,0,0,0.1117647059,0,1,0,26.85,0,0,0,0,0,0,8,21.395833333,0,0,0,73.9,0,0,0,0,0,62500840,0,0,71582792.8,71582790.756,0.0285714286,45.977,1,43.6,0.0755928946,0,21,0,0,1,2799076.8,365,6.5333333333,62445944,0,1,0.1666666667,0,0,0,0.2,0,0,0,0,0,0,13.549470667,0,70.38,0,0,0,15.807977
1426097781,214748360.9,0.27,6,8,96.1,1,0,1.4012984643E-045,171.76383442,0,41,0,0,0,99.9,7,0,0,8,2327,8193200,1475,0,0,1,0,6273.46,0.1,0,43,0.0867102397,0,0,4919872,0,11.2,0.3333333333,0,0,2.59,7623.56,0,0,81.448,214747664.71,0,0.3852941177,0,0,0.0867102397,0,1,0,26.05,0,0,0,0,0,0,8,23.0625,0,0,0,73.9,0,0,0,0,0,62500840,0,0,214748360.9,214748362.66,0.0666666667,45.977,1,43.6,0.1763834207,0,21,0,0,1,2799080,365,7.6,62445944,0,1,0.1666666667,0,0,0,0.4666666667,0,0,0,0,0,0,14.367166,0,70.38,0,0,0,14.386745
1426097781,2.8,0.27,6,8,96.1,1,0,1.4012984643E-045,171.76383442,0,41,0,0,0,99.9,7,0,0,8,2327,8193200,3956.0666667,0,0,1,0,6273.46,0.1,0,43,0.0867102397,0,0,4919872,0,28,0.3333333333,0,0,2.59,7623.56,0,0,81.448,502.79651416,0,0.2897603486,0,0,0.0867102397,0,1,0,27.25,0,0,0,0,0,0,8,20.5625,0,0,0,73.9,0,0,0,0,0,62500840,0,0,2.8,1.537254902,0.0666666667,45.977,1,43.6,0.1763834207,0,21,0,0,1,2799080,365,6,62445944,0,1,0.1666666667,0,0,0,0.4666666667,0,0,0,0,0,0,15.741110267,0,70.38,0,0,0,16.518593
1426097781,2.8,0.218,5.1333333333,8,96.1,1,0,1.4012984643E-045,218958799.75,0,41,0,0,0,99.9,7,0,0,8,2327,8193200,3956.0666667,0,0,1,0,6273.46,0.1,0,20.466666667,0.1167755991,0,0,4919872,0,28,0.3333333333,0,0,2.3993333333,7623.56,0,0,81.448,502.79651416,0,0.2897603486,0,0,0.1167755991,0,1,0,27.25,0,0,0,0,0,0,8,20.5625,0,0,0,73.9,0,0,0,0,0,62500840,0,0,2.8,1.537254902,0,45.977,1,43.6,0,0,21,0,0,1,2799080,365,6,62445944,0,1,0.1666666667,0,0,0,1.4012984643E-045,0,0,0,0,0,0,15.741110267,0,70.38,0,0,0,16.518593
1426097781,218959111.85,0.21,5,8,96.1,1,0,1.4012984643E-045,67371938.753,0,41,0,0,0,99.9,7,0,0,8,2327,8193200,1268.6,0,0,1,0,6273.46,0.1,0,17,0.0980392157,0,0,4919872,0,9.8,0.3333333333,0,0,2.37,7623.56,0,0,81.448,218958183.31,0,0.3577342048,0,0,0.0980392157,0,1,0,25.95,0,0,0,0,0,0,8,23.270833333,0,0,0,73.9,0,0,0,0,0,62500840,0,0,218959111.85,218959114.2,0,45.977,1,43.6,0,0,21,0,0,1,2799080,365,7.7333333333,62445944,0,1,0.1666666667,0,0,0,1.4012984643E-045,0,0,0,0,0,0,14.282414,0,70.38,0,0,0,14.209091
1426097781,67372034.416,0.21,6,8,96.1,1,0,1.4012984643E-045,416.61818182,0,41,0,0,0,99.9,7,0,0,8,2327,8193200,855,0,0,1,0,6273.46,0.1,0,43,0.0787878788,0,0,4919872,0,7,0.3333333333,0,0,2.37,7623.56,0,0,81.448,67371748.706,0,0.3607843137,0,0,0.0787878788,0,1.8666666667,0,25.75,0,0,0,0,0,0,8,23.6875,0,0,0,73.9,0,0,0,0,0,62500840,0,0,67372034.416,67372035.137,0,45.977,1,43.6,0,0,21,0,0,1,2799080,365,8,62445944,0,1,0.1666666667,0,0,0,1.4012984643E-045,0,0,0,0,0,0,14.225695233,0,70.38,0,0,0,13.853783
1426097781,6.8,0.21,5.6,8,96.1,1,0,1.4012984643E-045,143165369.22,0,41,0,0,0,99.9,7,0,0,8,2327,8193200,3961,0,0,1,0,6273.46,0.1,0,32.6,0.1212121212,0,0,4919872,0,28,0.3333333333,0,0,2.37,7623.56,0,0,81.448,1221.4,0,0.2363636364,0,0,0.1212121212,0,1,0,27.25,0,0,0,0,0,0,8,20.5625,0,0,0,73.9,0,0,0,0,0,62500840,0,0,6.8,3.7333333333,0.0666666667,45.977,1,43.6,0.1632993162,0,21,0,0,1.0444444444,2799080,365,6,62445944,0,1,0.1666666667,0,0,0,0.4,0,0,0,0,0,0,12.2339948,0,70.38,0,0,0,16.518593
1426097781,143165573.13,0.21,5.6,8,96.1,1,0,1.4012984643E-045,143165603.28,0,41,0,0,0,99.9,7,0,0,8,2327,8193200,2718.6,0,0,1,0,6273.46,0.1,0,32.6,0.1041666667,0,0,4919872,0,19.6,0.3333333333,0,0,2.37,7623.56,0,0,81.448,143164965.83,0,0.396969697,0,0,0.1041666667,0,1,0,26.65,0,0,0,0,0,0,8,21.8125,0,0,0,73.9,0,0,0,0,0,62500840,0,0,143165573.13,143165574.67,0.1523809524,45.977,1,43.6,0.390078,0,21,0,0,1.2,2799080,365,6.8,62445944,0,1,0.1666666667,0,0,0,1,0,0,0,0,0,0,15.5936844,0,70.38,0,0,0,15.452669
1426097781,143165576.96,0.21,6,8,96.1,1,0,1.4012984643E-045,182.66111111,0,41,0,0,0,99.9,7,0,0,8,2327,8193200,2720.4,0,0,1,0,6273.46,0.1,0,43,0.0736111111,0,0,4919872,0,19.6,0.3333333333,0,0,2.37,7623.56,0,0,81.448,143165653.02,0,0.3458333333,0,0,0.0736111111,0,1.5333333333,0,26.65,0,0,0,0,0,0,8,21.8125,0,0,0,73.9,0,0,0,0,0,62500840,0,0,143165576.96,143165576.77,0.0666666667,45.977,1,43.6,0.1763834207,0,21,0,0,1,2799080,365,6.8,62445944,0,1,0.1666666667,0,0,0,0.4666666667,0,0,0,0,0,0,14.1730518,0,70.38,0,0,0,15.452669
1426097781,2.975,0.1586666667,6,8,96.1,1,0,1.4012984643E-045,0.7594771242,0,41,0,0,0,99.9,7,0,0,8,2327,8193200,3964.5333333,0,0,1,0,6273.46,0.1,0,43,0.108496732,0,0,4919872,0,28,0.3333333333,0,0,2.1866666667,7623.56,0,0,81.448,534.56805556,0,0.2652777778,0,0,0.108496732,0,2,0,27.25,0,0,0,0,0,0,8,20.5625,0,0,0,73.9,0,0,0,0,0,62500840,0,0,2.975,1.6333333333,0,45.977,1,43.6,0,0,21,0,0,1,2799080,365,6,62445944,0,1,0.1666666667,0,0,0,1.4012984643E-045,0,0,0,0,0,0,13.507016867,0,70.38,0,0,0,16.518593
1426097781,0,0.14,6,8,96.1,1,0,1.4012984643E-045,0.6794117647,0,41,0,0,0,99.9,7,0,0,8,2327,8193200,3966.4666667,0,0,1,0,6273.46,0.1,0,43,0.0970588235,0,0,4919872,0,28,0.3333333333,0,0,2.12,7623.56,0,0,81.448,0.1307189543,0,0.3477124183,0,0,0.0970588235,0,1.4,0,27.25,0,0,0,0,0,0,8,20.5625,0,0,0,73.9,0,0,0,0,0,62500840,0,0,0,0,0,45.977,1,43.6,0,0,21,0,0,1.2444444444,2799080,365,6,62445944,0,1,0.1666666667,0,0,0,1.4012984643E-045,0,0,0,0,0,0,11.939678867,0,70.38,0,0,0,16.518593
1426097781,0,0.14,5.2,8,96.1,1,0,1.4012984643E-045,202115814.61,0,41,0,0,0,99.9,7,0,0,8,2327,8193200,3967,0,0,1,0,6273.46,0.04,0,22.2,0.1107843137,0,0,4919872,0,28,0.3333333333,0,0,2.12,7623.56,0,0,81.448,0.0470588235,0,0.3411764706,0,0,0.1107843137,0,1,0,27.25,0,0,0,0,0,0,8,20.5625,0,0,0,73.9,0,0,0,0,0,62500840,0,0,0,0,0,45.977,1,43.6,0,0,21,0,0,1.1333333333,2799080,365,6,62445944,0,1,0.1666666667,0,0,0,1.4012984643E-045,0,0,0,0,0,0,14.2863284,0,70.38,0,0,0,16.518593
1426097781,202116103.25,0.14,5.6666666667,8,96.1,1,0,1.4012984643E-045,84215270.428,0,41,0,0,0,99.9,7,0,0,8,2327,8193200,1477.4,0,0,1,0,6273.46,0,0,34.333333333,0.0947712418,0,0,4919872,0,11.2,0.3333333333,0,0,2.12,7623.56,0,0,81.448,202115245.51,0,0.3490196078,0,0,0.0947712418,0,1,0,26.05,0,0,0,0,0,0,8,23.0625,0,0,0,73.9,0,0,0,0,0,62500840,0,0,202116103.25,202116105.41,0.0952380952,45.977,1,43.6,0.2519763153,0,21,0,0,1,2799080,365,7.6,62445944,0,1,0.1666666667,0,0,0,0.6666666667,0,0,0,0,0,0,15.2983,0,70.38,0,0,0,14.386745
1426097781,84215048.686,0.14,5.9333333333,8,96.1,1,0,1.4012984643E-045,26030137.005,0,41,0,0,0,99.9,7,0,0,8,2327,8193200,2931.6666667,0,0,1,0,6273.46,0,0,41.266666667,0.0898989899,0,0,4919892.8,0,21,0.3333333333,0,0,2.12,7623.56,0,0,81.448,84215704.127,0,0.3398692811,0,0,0.0898989899,0,1,0,26.75,0,0,0,0,0,0,8,21.604166667,0,0,0,73.9,0,0,0,0,0,62500840,0,0,84215048.686,84215047.033,0.0301587302,45.977,1,43.6,0.0776118158,0,21,0,0,1,2799080,365,6.6666666667,62445944,0,1,0.1666666667,0,0,0,0.2,0,0,0,0,0,0,14.29172,0,70.38,0,0,0,15.630323
1426097781,26030105.339,0.14,5,8,96.1,1,0,1.4012984643E-045,260300670.11,0,41,0,0,0,99.9,7,0,0,8,2327,8193200,3763.1333333,0,0,1,0,6273.46,0,0,17,0.148989899,0,0,4919896,0,26.6,0.3333333333,0,0,2.12,7623.56,0,0,81.448,26030197.536,0,0.2868686869,0,0,0.148989899,0,1,0,27.15,0,0,0,0,0,0,8,20.770833333,0,0,0,73.9,0,0,0,0,0,62500840,0,0,26030105.339,26030105.107,0.1111111111,45.977,1,43.6,0.272165527,0,21,0,0,1,2799080,365.33333333,6.1333333333,62445944,0,1,0.1666666667,0,0,0,0.6666666667,0,0,0,0,0,0,13.290980267,0,70.38,0,0,0,16.340939
1426097781,260301042.06,0.124,5,8,96.1,1,0,1.4012984643E-045,0.5242424242,0,41,0,0,0,99.9,7,0,0,8,2327,8193200,855,0,0,1,0,6273.46,0,0,17,0.0873737374,0,0,4919896,0,7,0.3333333333,0,0,2.0293333333,7623.56,0,0,81.448,260299937.03,0,0.5075757576,0,0,0.0873737374,0,1,0,25.75,0,0,0,0,0,0,8,23.6875,0,0,0,73.9,0,0,0,0,0,62500840,0,0,260301042.06,260301044.85,0,45.977,1,43.6,0,0,21,0,0,1,2799080,366,8,62445944,0,1,0.1666666667,0,0,0,1.4012984643E-045,0,0,0,0,0,0,15.43336,0,70.38,0,0,0,13.853783
1426097781,0,0.11,5,8,96.1,1,0,1.4012984643E-045,0.6737967914,0,41,0,0,0,99.9,7,0,0,8,2327,8193200,855,0,0,1,0,6273.46,0,0,17,0.1122994652,0,0,4919896,0,7,0.3333333333,0,0,1.95,7623.56,0,0,81.448,0,0,0.2621212121,0,0,0.1122994652,0,0.2,0,25.75,0,0,0,0,0,0,8,23.6875,0,0,0,73.9,0,0,0,0,0,62500840,0,0,0,0,0,45.977,1,43.6,0,0,21,0,0,1,2799080,366,8,62445944,0,1,0.1666666667,0,0,0,1.4012984643E-045,0,0,0,0,0,0,15.516063067,0,70.38,0,0,0,13.853783
1426097781,0,0.11,5,8,96.1,1,0,1.4012984643E-045,0.568627451,0,41,0,0,0,99.9,7,0,0,8,2327,8193200,855,0,0,1,0,6273.46,0,0,17,0.0947712418,0,0,4919896,0,7,0.3333333333,0,0,1.95,7623.56,0,0,81.448,0,0,0.3839572193,0,0,0.0947712418,0,0.6666666667,0,25.75,0,0,0,0,0,0,8,23.6875,0,0,0,73.9,0,0,0,0,0,62500840,0,0,0,0,0,45.977,1,43.6,0,0,21,0,0,1,2799080,366,8,62445944,0,1,0.1666666667,0,0,0,1.4012984643E-045,0,0,0,0,0,0,15.6752394,0,70.38,0,0,0,13.853783
1426097781,0,0.11,5,8,96.1,1,0,0.7333333333,0.5333333333,0,41,0,0,0,99.9,7,0,0,8,2327,8193200,855,0,0,1,0.7333333333,6273.46,0,0,17,0.0888888889,0,0,4919896,0,7,0.3333333333,0,0,1.95,7623.56,0,0,81.448,0,0,0.3039215686,0,0,0.0888888889,0,1,0,25.75,0,0,0,0,0,0,8,23.6875,0,0,0,73.9,0,0,0,0,0,62500840,0,0,0,0,0,45.977,1,43.6,0,0,21,0,0,1.2222222222,2799080,366,8,62445944,0.7333333333,1,0.1666666667,0,0,0,1.4012984643E-045,0,0,0,0,0,0,15.76282,0,70.38,0,0,0,13.853783
1426097781,0,0.11,5.3333333333,8,96.1,1,0,1.4012984643E-045,190.33333333,0,41,0,0,0,99.9,7,0,0,8,2327,8193200,855,0,0,1,0,6273.46,0,0,25.666666667,0.0858585859,0,0,4919896,0,7,0.3333333333,0,0,1.95,7623.56,0,0,81.448,0,0,0.3333333333,0,0,0.0858585859,0,1.6666666667,0,25.75,0,0,0,0,0,0,8,23.6875,0,0,0,73.783333333,0,0,0,0,0,62500840,0,0,0,0,0,45.977,1,43.6,0,0,21,0,0,1.0444444444,2799080,365.66666667,8,62445944,0,1,0.1666666667,0,0,0,1.4012984643E-045,0,0,0,0,0,0,15.8603318,0,70.046666667,0,0,0,13.853783
1426097781,3.0909090909,0.11,6,8,96.1,1,0,1.4012984643E-045,228.35,0,41,0,0,0,99.9,7,0,0,8,2327,8193200,1896.3333333,0,0,1,0,6247.3166667,0,0,43,0.0863636364,0,0,4919896,0,14,0.3333333333,0,0,1.95,7603.74,0,0,81.448,555.90909091,0,0.2575757576,0,0,0.0863636364,0,1.8,0,26.25,0,0,0,0,0,0,8,22.645833333,0,0,0,73.55,0,0,0,0,0,62500840,0,0,3.0909090909,1.696969697,0,45.977,1,43.6,0,0,21,0,0,1,2799080,365,7.3333333333,62445944,0,1,0.1666666667,0,0,0,1.4012984643E-045,0,0,0,0,0,0,15.951314333,0,69.38,0,0,0,14.742053
1426097781,3.7090909091,0.1073333333,5.9333333333,8,96.1,1,0,1.4012984643E-045,23860895.261,0,41,0,0,0,99.9,7,0,0,8,2327,8193200,3979.6,0,0,1,0,6195.03,0,0,41.266666667,0.0944444444,0,0,4919896,0,28,0.3333333333,0,0,1.936,7564.1,0,0,81.448,667.14090909,0,0.3090909091,0,0,0.0944444444,0,1,0,27.25,0,0,0,0,0,0,8,20.5625,0,0,0,73.55,0,0,0,0,0,62500840,0,0,3.7090909091,2.0363636364,0,45.977,1,43.6,0,0,21,0,0,1,2799080,365,6,62445944,0,1,0.1666666667,0,0,0,1.4012984643E-045,0,0,0,0,0,0,15.5290115,0,69.38,0,0,0,16.518593
1426097781,23860928.856,0.07,5,8,96.1,1,0,1.4012984643E-045,262469841.6,0,41,0,0,0,99.9,7.0666666667,0,0,8,2327,8193200,3772.4,0,0,1,0,6195.03,0,0,17,0.1464646465,0,0,4919896,0,26.6,0.3333333333,0,0,1.74,7564.1,0,0,81.448,23860827.639,0,0.3055555556,0,0,0.1464646465,0,1,0,27.15,0,0,0,0,0,0,8,20.770833333,0,0,0,73.55,0,0,0,0,0,62500840,0,0,23860928.856,23860929.111,0,45.977,1,43.6,0,0,21,0,0,1,2799080,365,6.1333333333,62445944,0,1,0.1666666667,0,0,0,1.4012984643E-045,0,0,0,0,0,0,14.672542167,0,69.38,0,0,0,16.340939
1426097781,262470217.41,0.07,5,8,96.1,1,0,1.4012984643E-045,0.5212121212,0,41,0,0,0,99.9,8,0,0,8,2327,8193200,855,0,0,1,0,6195.03,0,0,17,0.0868686869,0,0,4919896,0,7,0.3333333333,0,0,1.74,7564.1,0,0,81.448,262469102.38,0,0.5005050505,0,0,0.0868686869,0,1,0,25.75,0,0,0,0,0,0,8,23.6875,0,0,0,73.55,0,0,0,0,0,62500840,0,0,262470217.41,262470220.22,0.0888888889,45.977,1,43.6,0.2177324216,0,21,0,0,1,2799080,365,8,62445944,0,1,0.1666666667,0,0,0,0.5333333333,0,0,0,0,0,0,16.419752467,0,69.38,0,0,0,13.853783
1426097781,0,0.07,5,8,96.1,1,0,1.4012984643E-045,0.6833333333,0,41,0,0,0,99.9,8,0,0,8,2327,8193200,855,0,0,1,0,6195.03,0,0,17,0.1138888889,0,0,4919896,0,7,0.3333333333,0,0,1.74,7564.1,0,0,81.448,0,0,0.2606060606,0,0,0.1138888889,0,1,0,25.75,0,0,0,0,0,0,8,23.6875,0,0,0,73.55,0,0,0,0,0,62500840,0,0,0,0,0.0444444444,45.977,1,43.6,0.1088662108,0,21,0,0,1,2799080,365,8,62445944,0,1,0.1666666667,0,0,0,0.2666666667,0,0,0,0,0,0,16.5146908,0,69.38,0,0,0,13.853783
1426097781,0,0.07,5.6666666667,8,96.1,1,0,1.4012984643E-045,246.48529412,0,41,0,0,0,99.9,8,0,0,8,2327,8193200,855.73333333,0,0,1,0,6195.03,0,0,34.333333333,0.0808823529,0,0,4919477.3333,0,7,0.3333333333,0,0,1.74,7564.1,0,0,81.448,0.0458333333,0,0.3875,0,0,0.0808823529,0,1,0,25.75,0,0,0,0,0,0,8,23.6875,0,0,0,73.55,0,0,0,0,0,62500840,0,0,0,0,0,45.977,1,43.6,0,0,21,0,0,1,2799080,365.66666667,8,62445944,0,1,0.1666666667,0,0,0,1.4012984643E-045,0,0,0,0,0,0,12.839878867,0,69.38,0,0,0,13.853783
1426097781,4,0.07,5.4666666667,8,96.1,1,0,1.4012984643E-045,127258277.11,0,41,0,0,0,99.9,7.3333333333,0,0,8,2327,8193200,2943.3333333,0,0,1,0,6195.03,0,0,29.133333333,0.0867102397,0,0,4919268,0,21,0.3333333333,0,0,1.74,7564.1,0,0,81.448,719.8247549,0,0.2634803922,0,0,0.0867102397,0,1,0,26.75,0,0,0,0,0,0,8,21.604166667,0,0,0,73.55,0,0,0,0,0,62500840,0,0,4,2.1960784314,0,45.977,1,43.6,0,0,21,0,0,1,2799080,366,6.6666666667,62445944,0,1,0.1666666667,0,0,0,1.4012984643E-045,0,0,0,0,0,0,13.385139667,0,69.38,0,0,0,15.630323
1426097781,127258290.03,0.0633333333,5,8,96.1,1,0,1.4012984643E-045,159072631.16,0,41,0,0,0,99.9,7,0,0,8,2327,8193200,2317.1333333,0,0,1,0,6195.03,0,0,17,0.1132897604,0,0,4910152,0,16.8,0.3333333333,0,0,1.6933333333,7564.1,0,0,81.448,127258250.26,0,0.2897603486,0,0,0.1132897604,0,1,0,26.45,0,0,0,0,0,0,8,22.229166667,0,0,0,73.55,0,0,0,0,0,62500840,0,0,127258290.03,127258290.13,0,45.977,1,43.6,0,0,21,0,0,1,2808114.6667,366,7.0666666667,62445944,0,1,0.1666666667,0,0,0,1.4012984643E-045,0,0,0,0,0,0,14.4134962,0,69.38,0,0,0,15.097361
1426097781,159072859.04,0.05,5.2,8,96.1,1,0,1.4012984643E-045,74.494117647,0,41,0,0,0,99.9,7,0,0,8,2327,8193200,856.33333333,0,0,1,0,6195.03,0.0333333333,0,22.2,0.1058823529,0,0,4891920,0,7,0.3333333333,0,0,1.6,7564.1,0,0,81.448,159072183.04,0,0.3965141612,0,0,0.1058823529,0,1,0,25.75,0,0,0,0,0,0,8,23.6875,0,0,0,73.55,0,0,0,0,0,62500840,0,0,159072859.04,159072860.74,0,45.977,1,43.6,0,0,21,0,0,1,2826184,366,8,62445944,0,1,0.1666666667,0,0,0,1.4012984643E-045,0,0,0,0,0,0,14.015055667,0,69.38,0,0,0,13.853783
1426097781,1.2,0.05,6,8,96.1,1,0,1.4012984643E-045,172.9167756,0,41,0,0,0,99.9,7,0,0,8,2327,8193200,1483.8,0,0,1,0,6195.03,0.1,0,43,0.0867102397,0,0,4870290.1333,0,11.2,0.3333333333,0,0,1.6,7564.1,0,0,81.448,216.07058824,0,0.3647058824,0,0,0.0867102397,0,1,0,26.05,0,0,0,0,0,0,8,23.0625,0,0,0,73.55,0,0,0,0,0,62500840,0,0,1.2,0.6588235294,0,45.977,1,43.6,0,0,21,0,0,1,2848172.2667,366.53333333,7.6,62445944,0,1,0.1666666667,0,0,0,1.4012984643E-045,0,0,0,0,0,0,13.608571,0,69.38,0,0,0,14.386745
1426097781,2.8,0.05,6,8,96.1,1,0,1.4012984643E-045,172.9167756,0,41,0,0,0,99.9,7,0,0,8,2327,8193200,3992.0666667,0,0,1,0,6195.03,0.1,0,43,0.0867102397,0,0,4870290.1333,0,28,0.3333333333,0,0,1.6,7564.1,0,0,81.448,504.03398693,0,0.2897603486,0,0,0.0867102397,0,1,0,27.25,0,0,0,0,0,0,8,20.5625,0,0,0,73.55,0,0,0,0,0,62500840,0,0,2.8,1.537254902,0,45.977,1,43.6,0,0,21,0,0,1,2848172.2667,366.53333333,6,62445944,0,1,0.1666666667,0,0,0,1.4012984643E-045,0,0,0,0,0,0,14.931461133,0,69.38,0,0,0,16.518593
1426097781,2.8,0.05,5.1333333333,8,96.1,1,0,1.4012984643E-045,218958797.61,0,41,0,0,0,99.9,7,0,0,8,2327,8193200,3992.0666667,0,0,1,0,6195.03,0.1,0,20.466666667,0.1167755991,0,0,4851364,0,28,0.3333333333,0,0,1.6,7564.1,0,0,81.448,504.03398693,0,0.2897603486,0,0,0.1167755991,0,1,0,27.25,0,0,0,0,0,0,8,20.5625,0,0,0,73.55,0,0,0,0,0,62500840,0,0,2.8,1.537254902,0,45.977,1,43.6,0,0,21,0,0,1,2867412,367,6,62445944,0,1,0.1666666667,0,0,0,1.4012984643E-045,0,0,0,0,0,0,14.931461133,0,69.38,0,0,0,16.518593
1426097781,218959111.85,0.05,5.7333333333,8,96.1,1,0,1.4012984643E-045,67372322.022,0,41,0,0,0,99.9,7,0,0,8,2327,8193200,1276.8666667,0,0,1,0,6195.03,0.1,0,36.066666667,0.0924836601,0,0,4851364,0,9.8,0.3333333333,0,0,1.6,7564.1,0,0,81.448,218958181.12,0,0.3577342048,0,0,0.0924836601,0,1,0,25.95,0,0,0,0,0,0,8,23.270833333,0,0,0,73.55,0,0,0,0,0,62500840,0,0,218959111.85,218959114.2,0,45.977,1,43.6,0,0,21,0,0,1,2867412,367,7.7333333333,62445944,0,1,0.1666666667,0,0,0,1.4012984643E-045,0,0,0,0,0,0,12.281696733,0,69.38,0,0,0,14.209091
1426097781,67372040.649,0.0513333333,5.8666666667,8,96.1,1,0,1.4012984643E-045,35791377.272,0,41,0,0,0,99.9,7,0,0,8,2327,8193200,3159.4666667,0,0,1,0,6195.03,0.1,0,39.533333333,0.0888888889,0,0,4813317.6,0,22.4,0.3333333333,0,0,1.5786666667,7564.1,0,0,81.448,67372870.215,0,0.3385620915,0,0,0.0888888889,0,1,0,26.85,0,0,0,0,0,0,8,21.395833333,0,0,0,73.55,0,0,0,0,0,62500840,0,0,67372040.649,67372038.559,0.1142857143,45.977,1,43.6,0.3023715784,0,21,0,0,1,2905521.8667,367,6.5333333333,62445944,0,1,0.1666666667,0,0,0,0.8,0,0,0,0.0146666667,0,0,11.860478533,0,69.38,0,0,0,15.807977
1426097781,35791393.85,0.06,5.0666666667,8,96.1,1,0,1.4012984643E-045,250539428.03,0,41,0,0,0,99.886666667,7,0,0,8,2327,8193200,3577.8666667,0,0,1,0,6195.03,0.1,0,18.733333333,0.1222222222,0,0,4810600,0,25.2,0.3333333333,0,0,1.44,7564.1,0,0,81.448,35791343.133,0,0.2805555556,0,0,0.1222222222,0,1,0,27.05,0,0,0,0,0,0,8,20.979166667,0,0.0133333333,0,73.55,0,0,0,0,0,62500840,0,0,35791393.85,35791393.978,0,45.977,1,43.6,0,0,21,0,0,1,2908244,367,6.2666666667,62445944,0,1,0.1666666667,0,0,0,1.4012984643E-045,0,0,0,0.11,0,0,15.8446562,0,69.38,0,0,0,16.163285
1426097781,250539753.55,0.06,6,8,96.1,1,0,1.4012984643E-045,384.70555556,0,41,0,0,0,99.8,7,0,0,8,2327,8193200,1069.2666667,0,0,1,0,6195.03,0.1,0,43,0.0801587302,0,0,4804449.6,0,8.4,0.3333333333,0,0,1.44,7564.1,0,0,81.448,250538789.85,0,0.425,0,0,0.0801587302,0,1,0,25.85,0,0,0,0,0,0,8,23.479166667,0,0.1,0,73.55,0,0,0,0,0,62500840,0,0,250539753.55,250539755.98,0.0380952381,45.977,1,43.6,0.1007905261,0,21,0,0,1,2914363.4667,367,7.8666666667,62445944,0,1,0.1666666667,0,0,0,0.2666666667,0,0,0,0.11,0,0,14.254814667,0,69.38,0,0,0,14.031437
1426097781,6.2333333333,0.06,5.6666666667,8,96.1,1,0,1.4012984643E-045,95443578.556,0,41,0,0,0,99.8,7,0,0,8,2327,8193200,3999.2666667,0,0,1,0,6195.03,0.1,0,34.333333333,0.0920634921,0,0,4787536,0,28,0.3333333333,0,0,1.44,7564.1,0,0,81.448,1122.3857143,0,0.2404761905,0,0,0.0920634921,0,1,0,27.25,0,0,0,0,0,0,8,20.5625,0,0.1,0,73.55,0,0,0,0,0,62500840,0,0,6.2333333333,3.4222222222,0.1507936508,45.977,1,43.6,0.3880590788,0,21,0,0,1,2931192,367,6,62445944,0,1,0.1666666667,0,0,0,1,0,0,0,0.11,0,0,13.815124733,0,69.38,0,0,0,16.518593
1426097781,95443715.422,0.06,5.3333333333,8,96.1,1,0,1.4012984643E-045,190887331.36,0,41,0,0,0,99.8,7,0,0,8,2327,8193200,2953.3333333,0,0,1,0,6195.03,0.1,0,25.666666667,0.1166666667,0,0,4787536,0,21,0.3333333333,0,0,1.44,7564.1,0,0,81.448,95443309.581,0,0.2984126984,0,0,0.1166666667,0,1.3333333333,0,26.75,0,0,0,0,0,0,8,21.604166667,0,0.1,0,73.55,0,0,0,0,0,62500840,0,0,95443715.422,95443716.444,0.1111111111,45.977,1,43.6,0.272165527,0,21,0,0,1,2931192,367,6.6666666667,62445944,0,1,0.1666666667,0,0,0,0.6666666667,0,0,0,0.11,0,0,13.874056667,0,69.38,0,0,0,15.630323
1426097781,190887433.68,0.06,5.4666666667,8,96.1,1,0,1.4012984643E-045,143165612.12,0,41,0,0,0,99.8,7,0,0,8,2327,8193200,1907.3333333,0,0,1,0,6195.03,0.1,0,29.133333333,0.1055555556,0,0,4787536,0,14,0.3333333333,0,0,1.44,7564.1,0,0,81.448,190887129.34,0,0.3944444444,0,0,0.1055555556,0,1.4666666667,0,26.25,0,0,0,0,0,0,8,22.645833333,0,0.1,0,73.55,0,0,0,0,0,62500840,0,0,190887433.68,190887434.44,0.0888888889,45.977,1,43.6,0.2177324216,0,21,0,0,1.1111111111,2931192,367,7.3333333333,62445944,0,1,0.1666666667,0,0,0,0.5333333333,0,0,0,0.11,0,0,15.600974667,0,69.38,0,0,0,14.742053
1426097781,143165577.1,0.0646666667,5,8,96.1,1,0,1.4012984643E-045,143165367.56,0,41,0,0,0,99.8,7,0,0,8,2327,8193200,2326.2666667,0,0,1,0,6195.03,0.1,0,17,0.1215686275,0,0,4787536,0,16.8,0.3333333333,0,0,1.3886666667,7564.1,0,0,81.448,143165678.59,0,0.35,0,0,0.1215686275,0,1,0,26.45,0,0,0,0,0,0,8,22.229166667,0,0.1,0,73.746,0,0,0,0,0,62500840,0,0,143165577.1,143165576.84,0.0888888889,45.977,1,43.6,0.2177324216,0,21,0,0,1.1555555556,2931192,367,7.0666666667,62445944,0,1,0.1666666667,0,0,0,0.5333333333,0,0,0,0.11,0,0,15.8613264,0,69.436,0,0,0,15.097361
1426097781,143165573.13,0.07,5.3333333333,8,96.1,1,0,1.4012984643E-045,117.17429194,0,41,0,0,0,99.8,7,0,0,8,2327,8193200,860,0,0,1,0,6190.2793333,0.1,0,25.666666667,0.0969498911,0,0,4787536,0,7,0.3333333333,0,0,1.33,7599.8326667,0,0,81.448,143164964.2,0,0.4254901961,0,0,0.0969498911,0,1,0,25.75,0,0,0,0,0,0,8,23.6875,0,0.1,0,73.97,0,0,0,0,0,62500840,0,0,143165573.13,143165574.67,0,45.977,1,43.6,0,0,21,0,0,1,2931192,366.66666667,8,62445944,0,1,0.1666666667,0,0,0,1.4012984643E-045,0,0,0,0.11,0,0,15.567107533,0,69.5,0,0,0,13.853783
1426097781,1.8888888889,0.07,5.8666666667,8,96.1,1,0,1.4012984643E-045,47722092.452,0,41,0,0,0,99.833333333,7,0,0,8,2327,8193200,1909,0,0,1,0,6184.85,0.1,0,39.533333333,0.0703703704,0,0,4787536,0,14,0.3333333333,0,0,1.33,7640.67,0,0,81.448,340.31481481,0,0.3300653595,0,0,0.0703703704,0,1,0,26.25,0,0,0,0,0,0,8,22.645833333,0,0.0666666667,0,73.97,0,0,0,0,0,62500840,0,0,1.8888888889,1.037037037,0,45.977,1,43.6,0,0,21,0,0,1,2931192,366,7.3333333333,62445944,0,1,0.1666666667,0,0,0,1.4012984643E-045,0,0,0,0.11,0,0,14.492116667,0,69.5,0,0,0,14.742053
1426097781,47721862.622,0.07,5,8,96.1,1,0,1.4012984643E-045,238608945.29,0,41,0,0,0,99.9,7,0,0,8,2327,8193200,3587.4,0,0,1,0,6184.85,0.1,0,17,0.1414141414,0,0,4787536,0,25.2,0.3333333333,0,0,1.33,7640.67,0,0,81.448,47722539.474,0,0.2222222222,0,0,0.1414141414,0,1,0,27.05,0,0,0,0,0,0,8,20.979166667,0,0,0,73.97,0,0,0,0,0,62500840,0,0,47721862.622,47721860.919,0,45.977,1,43.6,0,0,21,0,0,1,2931192,366,6.2666666667,62445944,0,1,0.1666666667,0,0,0,1.4012984643E-045,0,0,0,0.11,0,0,12.6661288,0,69.5,0,0,0,16.163285
1426097781,238609288.56,0.07,5,8,96.1,1,0,1.4012984643E-045,0.5181818182,0,41,0,0,0,99.9,7,0,0,8,2327,8193200,860,0,0,1,0,6184.85,0.1,0,17,0.0863636364,0,0,4787536,0,7,0.3333333333,0,0,1.33,7640.67,0,0,81.448,238608273.28,0,0.4797979798,0,0,0.0863636364,0,1,0,25.75,0,0,0,0,0,0,8,23.6875,0,0,0,73.97,0,0,0,0,0,62500840,0,0,238609288.56,238609291.11,0,45.977,1,43.6,0,0,21,0,0,1,2931192,366,8,62445944,0,1,0.1666666667,0,0,0,1.4012984643E-045,0,0,0,0.11,0,0,15.905161667,0,69.5,0,0,0,13.853783
1426097781,0,0.07,5.0666666667,8,96.1,1,0,1.4012984643E-045,35.544444444,0,41,0,0,0,99.9,7,0,0,8,2327,8193200,860,0,0,1,0,6184.85,0.1,0,18.733333333,0.0888888889,0,0,4787536,0,7,0.3333333333,0,0,1.33,7640.67,0,0,81.448,0,0,0.2590909091,0,0,0.0888888889,0,1,0,25.75,0,0,0,0,0,0,8,23.6875,0,0,0,73.97,0,0,0,0,0,62500840,0,0,0,0,0.0095238095,45.977,1,43.6,0.0251976315,0,21,0,0,1,2931192,366,8,62445944,0,1,0.1666666667,0,0,0,0.0666666667,0,0,0,0.11,0,0,15.9979608,0,69.5,0,0,0,13.853783
1426097781,0.5666666667,0.0646666667,5.7333333333,8,96.1,1,0,1.4012984643E-045,71583068.922,0,41,0,0,0,99.9,7,0,0,8,2327,8193200,1070.1333333,0,0,1,0,6184.85,0.1,0,36.066666667,0.0944444444,0,0,4787536,0,8.4,0.3333333333,0,0,1.2926666667,7640.67,0,0,81.448,102.12777778,0,0.3333333333,0,0,0.0944444444,0,1,0,25.85,0,0,0,0,0,0,8,23.479166667,0,0,0,73.97,0,0,0,0,0,62500840,0,0,0.5666666667,0.3111111111,0.1047619048,45.977,1,43.6,0.2771739469,0,21,0,0,1,2931192,366,7.8666666667,62445944,0,1,0.1666666667,0,0,0,0.7333333333,0,0,0,0.086,0,0,15.8805148,0,69.5,0,0,0,14.031437
1426097781,71582792.8,0.05,5,8,96.1,1,0,1.4012984643E-045,107374025.55,0,41,0,0,0,99.9,7,0,0,8,2327,8193200,3171.4666667,0,0,1,0,6184.85,0.0733333333,0,17,0.1166666667,0,0,4787536,0,22.4,0.3333333333,0,0,1.19,7640.67,0,0,81.448,71583605.289,0,0.3,0,0,0.1166666667,0,1,0,26.85,0,0,0,0,0,0,8,21.395833333,0,0,0,73.97,0,0,0,0,0,62500840,0,0,71582792.8,71582790.756,0.1,45.977,1,43.6,0.2449489743,0,21,0,0,1,2931192,366,6.5333333333,62445944,0,1,0.1666666667,0,0,0,0.6,0,0,0,0.02,0,0,13.7952956,0,69.5,0,0,0,15.807977
1426097781,107374179.85,0.05,5,8,96.1,1,0,1.4012984643E-045,107374025.55,0,41,0,0,0,99.9,7,0,0,8,2327,8193200,860,0,0,1,0,6184.85,0,0,17,0.1166666667,0,0,4787536,0,7,0.3333333333,0,0,1.19,7640.67,0,0,81.448,107373722.83,0,0.375,0,0,0.1166666667,0,1,0,25.75,0,0,0,0,0,0,8,23.6875,0,0,0,73.97,0,0,0,0,0,62500840,0,0,107374179.85,107374181,0.1,45.977,1,43.6,0.2449489743,0,21,0,0,1,2931192,366,8,62445944,0,1,0.1666666667,0,0,0,0.6,0,0,0,0.02,0,0,16.431465,0,69.5,0,0,0,13.853783
1426097781,107374179.85,0.05,6,8,96.1,1,0,1.4012984643E-045,371.35294118,0,41,0,0,0,99.9,7,0,0,8,2327,8193200,860,0,0,1,0,6184.85,0,0,43,0.0588235294,0,0,4787600,0,7,0.3333333333,0,0,1.19,7640.67,0,0,81.448,107373722.83,0,0.375,0,0,0.0588235294,0,2,0,25.75,0,0,0,0,0,0,8,23.6875,0,0,0,73.97,0,0,0,0,0,62500840,0,0,107374179.85,107374181,0,45.977,1,43.6,0,0,21,0,0,1,2931192,366,8,62445944,0,1,0.1666666667,0,0,0,1.4012984643E-045,0,0,0,0.02,0,0,16.431465,0,69.5,0,0,0,13.853783
1426097781,6,0.05,5.1333333333,8,96.1,1,0,1.4012984643E-045,218958845.64,0,41,0,0,0,99.9,7,0,0,8,2327,8193200,4016,0,0,1,0,6184.85,0,0,20.466666667,0.1098039216,0,0,4777310.9333,0,28,0.3333333333,0,0,1.19,7640.67,0,0,81.448,1081.7058824,0,0.2352941177,0,0,0.1098039216,0,1.1333333333,0,27.25,0,0,0,0,0,0,8,20.5625,0,0,0,73.97,0,0,0,0,0,62500840,0,0,6,3.2941176471,0.1444444444,45.977,1,43.6,0.3538151851,0,21,0,0,1,2941664.8,366,6,62445944,0,1,0.1666666667,0,0,0,0.8666666667,0,0,0,0.02,0,0,14.329704,0,69.5,0,0,0,16.518593
1426097781,218959112.65,0.05,5,8,96.1,1,0,1.4012984643E-045,67371937.788,0,41,0,0,0,99.9,7,0,0,8,2327,8193200,1281.6666667,0,0,1,0,6184.85,0,0,17,0.1176470588,0,0,4775728,0,9.8,0.3333333333,0,0,1.19,7640.67,0,0,81.448,218958323.9,0,0.337254902,0,0,0.1176470588,0,1,0,25.95,0,0,0,0,0,0,8,23.270833333,0,0,0,73.97,0,0,0,0,0,62500840,0,0,218959112.65,218959114.64,0.0444444444,45.977,1,43.6,0.1088662108,0,21,0,0,1.2888888889,2943276,366,7.7333333333,62445944,0,1,0.1666666667,0,0,0,0.2666666667,0,0,0,0.02,0,0,15.055320667,0,69.5,0,0,0,14.209091
1426097781,67372034.416,0.038,5,8,96.1,1,0,1.4012984643E-045,0.5592760181,0,41,0,0,0,99.9,7,0,0,8,2327,8193200,861.73333333,0,0,1,0,6184.85,0,0,17,0.0932126697,0,0,4751399.2,0,7,0.3333333333,0,0,1.124,7640.67,0,0,81.448,67371747.635,0,0.3960784314,0,0,0.0932126697,0,1,0,25.383333333,0,0,0,0,0,0,8,23.6875,0,0,0,73.97,0,0,0,0,0,62500840,0,0,67372034.416,67372035.137,0.1,45.977,1,43.6,0.2449489743,0,21,0,0,1.0888888889,2967784.8,366,8,62445944,0,1,0.1666666667,0,0,0,0.6,0,0,0,0.008,0,0,14.0729908,0,69.5,0,0,0,13.853783
1426097781,0,0.03,5,8,96.1,1,0,1.4012984643E-045,0.6730769231,0,41,0,0,0,99.9,7,0,0,8,2327,8193200,862,0,0,1,0,6184.85,0,0,17,0.1121794872,0,0,4735180,0,7,0.3333333333,0,0,1.08,7640.67,0,0,81.448,0.0235294118,0,0.3031674208,0,0,0.1121794872,0,1,0,25.25,0,0,0,0,0,0,8,23.6875,0,0,0,73.97,0,0,0,0,0,62500840,0,0,0,0,0.0444444444,45.977,1,43.6,0.1088662108,0,21,0,0,1,2984124,366,8,62445944,0,1,0.1666666667,0,0,0,0.2666666667,0,0,0,0,0,0,14.7706924,0,69.5,0,0,0,13.853783
1426097781,0,0.03,5,8,96.1,1,0,0.6666666667,0.5833333333,0,41,0,0,0,99.753333333,7,0,0,8,2327,8193200,862.73333333,0,0,1,0.6666666667,6184.85,0.1466666667,0,17,0.0972222222,0,0,4735180,0,7,0.3333333333,0,0,1.08,7640.67,0,0,81.448,0.0458333333,0,0.3823717949,0,0,0.0972222222,0,1,0,25.433333333,0,0,0,0,0,0,8,23.6875,0,0.1466666667,0,73.97,0,0,0,0,0,62500840,0,0,0,0,0,45.977,1,43.6,0,0,21,0,0,1,2984124,366,8,62445944,0.6666666667,1,0.1666666667,0,0,0,1.4012984643E-045,0,0,0,0,0,0,14.405198267,0,69.5,0,0,0,13.853783
1426097781,0,0.03,5.8666666667,8,96.1,1,0,0.1333333333,322.36470588,0,41,0,0,0,99.7,7,0,0,8,2327,8193200,863,0,0,1,0.1333333333,6184.85,0.2,0,39.533333333,0.0620915033,0,0,4700138.9333,0,7,0.3333333333,0,0,1.08,7640.67,0,0,81.448,0.0208333333,0,0.3125,0,0,0.0620915033,0,1,0,25.5,0,0,0,0,0,0,8,23.6875,0,0.2,0,73.97,0,0,0,0,0,62500840,0,0,0,0,0,45.977,1,43.6,0,0,21,0,0,1.2222222222,3019515.2,366,8,62445944,0.1333333333,1,0.1666666667,0,0,0,1.4012984643E-045,0,0,0,0,0,0,15.225382667,0,69.5,0,0,0,13.853783
1426097781,5.2,0.03,6,8,96.1,1,0,1.4012984643E-045,99.77254902,0,41,0,0,0,99.7,7,0,0,8,2327,8193200,3602.5333333,0,0,1,0,6184.85,0.2,0,43,0.1019607843,0,0,4694748,0,25.2,0.3333333333,0,0,1.08,7640.67,0,0,81.448,937.83529412,0,0.237254902,0,0,0.1019607843,0,1,0,27.016666667,0,0,0,0,0,0,8,20.979166667,0,0.2,0,73.97,0,0,0,0,0,62500840,0,0,5.2,2.8549019608,0,45.977,1,43.6,0,0,21,0,0,1.4777777778,3024960,366,6.2666666667,62445944,0,1,0.1666666667,0,0,0,1.4012984643E-045,0,0,0,0,0,0,12.984103433,0,69.5,0,0,0,16.163285
1426097781,1.6,0.03,6,8,96.1,1,0,1.4012984643E-045,0.6794117647,0,41,0,0,0,99.7,7,0,0,8,2327,8193200,4024.7333333,0,0,1,0,6184.85,0.2,0,43,0.0970588235,0,0,4694748,0,28,0.3333333333,0,0,1.08,7640.67,0,0,81.448,288.65098039,0,0.3215686275,0,0,0.0970588235,0,1,0,27.25,0,0,0,0,0,0,8,20.5625,0,0.2,0,73.97,0,0,0,0,0,62500840,0,0,1.6,0.8784313726,0.0857142857,45.977,1,43.6,0.2267786838,0,21,0,0,1.1333333333,3024960,366,6,62445944,0,1,0.1666666667,0,0,0,0.6,0,0,0,0,0,0,15.419083,0,69.5,0,0,0,16.518593
1426097781,0,0.022,5.2,8,96.1,1,0,1.4012984643E-045,202115811.36,0,41,0,0,0,99.7,7,0,0,8,2327,8193200,4025.6,0,0,1,0,6184.85,0.2,0,22.2,0.1107843137,0,0,4664002.4,0,28,0.3333333333,0,0,0.992,7640.67,0,0,81.448,0.0970588235,0,0.3411764706,0,0,0.1107843137,0,0.2,0,27.25,0,0,0,0,0,0,8,20.5625,0,0.2,0,73.97,0,0,0,0,0,62500840,0,0,0,0,0.0285714286,45.977,1,43.6,0.0755928946,0,21,0,0,1,3055641.6,366,6,62445944,0,1,0.1666666667,0,0,0,0.2,0,0,0,0,0,0,15.9349124,0,69.5,0,0,0,16.518593
1426097781,202116103.25,0.02,5.6666666667,8,96.1,1,0,1.4012984643E-045,84215272.908,0,41,0,0,0,99.7,7,0,0,8,2327,8193200,1497.2,0,0,1,0,6184.85,0.2,0,34.333333333,0.0947712418,0,0,4656316,0,11.2,0.3333333333,0,0,0.97,7640.67,0,0,81.448,202115242.32,0,0.3490196078,0,0,0.0947712418,0,1.3333333333,0,25.85,0,0,0,0,0,0,8,23.0625,0,0.2,0,73.97,0,0,0,0,0,62500840,0,0,202116103.25,202116105.41,0,45.977,1,43.6,0,0,21,0,0,1.2666666667,3063312,366,7.6,62445944,0,1,0.1666666667,0,0,0,1.4012984643E-045,0,0,0,0,0,0,14.7809208,0,69.5,0,0,0,14.386745
1426097781,84215048.686,0.02,5.9333333333,8,96.1,1,0,1.4012984643E-045,26030137.354,0,41,0,0,0,99.7,7,0,0,8,2327,8193200,2974.3333333,0,0,1,0,6184.85,0.1333333333,0,41.266666667,0.0898989899,0,0,4656316,0,21,0.3333333333,0,0,0.97,7640.67,0,0,81.448,84215706.683,0,0.3398692811,0,0,0.0898989899,0,1.1333333333,0,26.666666667,0,0,0,0,0,0,8,21.604166667,0,0.2,0,73.956666667,0,0,0,0,0,62500840,0,0,84215048.686,84215047.033,0,45.977,1,43.6,0,0,21,0,0,1.1111111111,3063312,366,6.6666666667,62445944,0,1,0.1666666667,0,0,0,1.4012984643E-045,0,0,0,0,0,0,13.608355667,0,69.444666667,0,0,0,15.630323
1426097781,26030105.339,0.02,5.3333333333,8,96.1,1,0,1.4012984643E-045,260300789.91,0,41,0,0,0,99.7,7,0,0,8,2327,8193200,3818.8666667,0,0,1,0,6178.8,0.1,0,25.666666667,0.1408199644,0,0,4656316,0,26.6,0.3333333333,0,0,0.97,7637.43,0,0,81.448,26030197.89,0,0.2868686869,0,0,0.1408199644,0,1,0,27.133333333,0,0,0,0,0,0,8,20.770833333,0,0.2,0,73.77,0,0,0,0,0,62500840,0,0,26030105.339,26030105.107,0.0476190476,45.977,1,43.6,0.1259881577,0,21,0,0,1,3063312,366,6.1333333333,62445944,0,1,0.1666666667,0,0,0,0.3333333333,0,0,0,0,0,0,12.614349067,0,68.67,0,0,0,16.340939
